"network","guild","species","species_name","degree"
"01","resource",1,"Daucus.carota",13
"01","resource",2,"Pimpinella.saxifraga",12
"01","resource",3,"Centaurea.jacea",8
"01","resource",4,"Cirsium.acaule",6
"01","resource",5,"Hippocrepis.comosa",5
"01","resource",6,"Knautia.arvensis",5
"01","resource",7,"Sedum.sexangulare",5
"01","resource",8,"Hieracium.pilosella",4
"01","resource",9,"Lotus.corniculatus",4
"01","resource",10,"Thymus.pulegioides",4
"01","resource",11,"Potentilla.reptans",3
"01","resource",12,"Ranunculus.bulbosus",3
"01","resource",13,"Campanula.rotundifolia",2
"01","resource",14,"Hypericum.perforatum",2
"01","resource",15,"Ononis.spinosa",2
"01","resource",16,"Carlina.vulgaris",1
"01","resource",17,"Galium.verum",1
"01","resource",18,"Potentilla.neumanniana",1
"01","resource",19,"Sanguisorba.minor",1
"01","consumer",1,"Bombus.lapidarius",9
"01","consumer",2,"Sphaerophoria.spec",6
"01","consumer",3,"Lasioglossum.pauxillum",5
"01","consumer",4,"Halictus.simplex",4
"01","consumer",5,"Sphecodes.ferruginatus",4
"01","consumer",6,"Episyrphus.balteatus",4
"01","consumer",7,"Eupeodes.corollae",4
"01","consumer",8,"Bombus.pascuorum",3
"01","consumer",9,"Lasioglossum.fulvicorne",3
"01","consumer",10,"Andrena.minutula",2
"01","consumer",11,"Andrena.minutuloides",2
"01","consumer",12,"Halictus.tumulorum",2
"01","consumer",13,"Lasioglossum.lineare",2
"01","consumer",14,"Sphecodes.hyalinatus",2
"01","consumer",15,"Myathropa.florea",2
"01","consumer",16,"Syrphus.ribesii",2
"01","consumer",17,"Syrphus.vitripennis",2
"01","consumer",18,"Andrena.fulvago",1
"01","consumer",19,"Andrena.humilis",1
"01","consumer",20,"Anthidium.strigatum",1
"01","consumer",21,"Bombus.terrestris.agg",1
"01","consumer",22,"Halictus.maculatus",1
"01","consumer",23,"Halictus.rubicundus",1
"01","consumer",24,"Lasioglossum.calceatum",1
"01","consumer",25,"Lasioglossum.leucozonium",1
"01","consumer",26,"Lasioglossum.morio",1
"01","consumer",27,"Lasioglossum.villosulum",1
"01","consumer",28,"Nomada.sheppardana",1
"01","consumer",29,"Osmia.aurulenta",1
"01","consumer",30,"Osmia.rufa",1
"01","consumer",31,"Sphecodes.geoffrellus",1
"01","consumer",32,"Sphecodes.gibbus",1
"01","consumer",33,"Sphecodes.niger",1
"01","consumer",34,"Cheilosia.impressa",1
"01","consumer",35,"Cheilosia.ranunculi.albitarsis",1
"01","consumer",36,"Cheilosia.soror",1
"01","consumer",37,"Eristalis.arbustorum",1
"01","consumer",38,"Eristalis.tenax",1
"01","consumer",39,"Heringia.spec",1
"01","consumer",40,"Scaeva.pyrastri",1
"01","consumer",41,"Syritta.pipiens",1
"02","resource",1,"Daucus.carota",19
"02","resource",2,"Knautia.arvensis",16
"02","resource",3,"Centaurea.jacea",10
"02","resource",4,"Centaurea.scabiosa",6
"02","resource",5,"Pimpinella.saxifraga",4
"02","resource",6,"Galium.verum",3
"02","resource",7,"Senecio.jacobaea",3
"02","resource",8,"Thymus.pulegioides",3
"02","resource",9,"Achillea.millefolium",2
"02","resource",10,"Cornus.sanguinea",2
"02","resource",11,"Anthemis.arvensis",1
"02","resource",12,"Anthemis.tinctoria",1
"02","resource",13,"Anthyllis.vulneraria",1
"02","resource",14,"Campanula.glomerata",1
"02","resource",15,"Cirsium.acaule",1
"02","resource",16,"Genista.tinctoria",1
"02","resource",17,"Hieracium.pilosella",1
"02","resource",18,"Hypericum.perforatum",1
"02","resource",19,"Ononis.spinosa",1
"02","resource",20,"Potentilla.neumanniana",1
"02","resource",21,"Ranunculus.bulbosus",1
"02","resource",22,"Rosa.NA",1
"02","resource",23,"Rubus.fruticosus",1
"02","resource",24,"Salvia.pratensis",1
"02","resource",25,"Sanguisorba.minor",1
"02","consumer",1,"Bombus.lapidarius",7
"02","consumer",2,"Lasioglossum.pauxillum",7
"02","consumer",3,"Episyrphus.balteatus",7
"02","consumer",4,"Halictus.tumulorum",6
"02","consumer",5,"Bombus.pascuorum",5
"02","consumer",6,"Bombus.terrestris.agg",3
"02","consumer",7,"Halictus.rubicundus",3
"02","consumer",8,"Cheilosia.soror",3
"02","consumer",9,"Sphaerophoria.spec",3
"02","consumer",10,"Syrphus.torvus",3
"02","consumer",11,"Andrena.minutuloides",2
"02","consumer",12,"Lasioglossum.calceatum",2
"02","consumer",13,"Eristalis.interrupta",2
"02","consumer",14,"Eristalis.pertinax",2
"02","consumer",15,"Scaeva.pyrastri",2
"02","consumer",16,"Syrphus.ribesii",2
"02","consumer",17,"Hylaeus.brevicornis",1
"02","consumer",18,"Hylaeus.gredleri",1
"02","consumer",19,"Lasioglossum.fulvicorne",1
"02","consumer",20,"Lasioglossum.morio",1
"02","consumer",21,"Lasioglossum.villosulum",1
"02","consumer",22,"Osmia.bicolor",1
"02","consumer",23,"Psithyrus.bohemicus",1
"02","consumer",24,"Sphecodes.crassus",1
"02","consumer",25,"Sphecodes.ephippius",1
"02","consumer",26,"Sphecodes.niger",1
"02","consumer",27,"Cheilosia.scutellata",1
"02","consumer",28,"Cheilosia.vulpina",1
"02","consumer",29,"Eristalis.arbustorum",1
"02","consumer",30,"Eristalis.intricaria",1
"02","consumer",31,"Eristalis.tenax",1
"02","consumer",32,"Eupeodes.corollae",1
"02","consumer",33,"Eupeodes.lapponicus",1
"02","consumer",34,"Myathropa.florea",1
"02","consumer",35,"Paragus.spec",1
"02","consumer",36,"Pipizella.spec",1
"02","consumer",37,"Scaeva.selenitica",1
"02","consumer",38,"Syritta.pipiens",1
"02","consumer",39,"Syrphus.vitripennis",1
"02","consumer",40,"Volucella.bombylans",1
"03","resource",1,"Daucus.carota",13
"03","resource",2,"Knautia.arvensis",12
"03","resource",3,"Crepis.biennis",9
"03","resource",4,"Plantago.media",7
"03","resource",5,"Centaurea.jacea",4
"03","resource",6,"Hypericum.perforatum",4
"03","resource",7,"Ranunculus.bulbosus",4
"03","resource",8,"Lotus.corniculatus",3
"03","resource",9,"Thymus.pulegioides",3
"03","resource",10,"Bellis.perennis",2
"03","resource",11,"Euphrasia.stricta",2
"03","resource",12,"Galium.mollugo",2
"03","resource",13,"Medicago.falcata",2
"03","resource",14,"Pastinaca.sativa",2
"03","resource",15,"Pimpinella.saxifraga",2
"03","resource",16,"Potentilla.reptans",2
"03","resource",17,"Primula.veris",2
"03","resource",18,"Trifolium.pratense",2
"03","resource",19,"Achillea.millefolium",1
"03","resource",20,"Campanula.rotundifolia",1
"03","resource",21,"Euphorbia.cyparissias",1
"03","resource",22,"Fragaria.vesca",1
"03","resource",23,"Helianthemum.nummularium",1
"03","resource",24,"Hieracium.pilosella",1
"03","resource",25,"Hippocrepis.comosa",1
"03","resource",26,"Lathyrus.pratensis",1
"03","resource",27,"Leontodon.hispidus",1
"03","resource",28,"Leucanthemum.vulgare",1
"03","resource",29,"Orchis.mascula",1
"03","resource",30,"Prunella.vulgaris",1
"03","resource",31,"Rosa.NA",1
"03","resource",32,"Senecio.jacobaea",1
"03","resource",33,"Senecio.jacobea",1
"03","resource",34,"Taraxacum.officinale",1
"03","resource",35,"Trifolium.repens",1
"03","consumer",1,"Episyrphus.balteatus",9
"03","consumer",2,"Sphaerophoria.spec",9
"03","consumer",3,"Bombus.lapidarius",7
"03","consumer",4,"Bombus.pascuorum",6
"03","consumer",5,"Halictus.tumulorum",6
"03","consumer",6,"Syrphus.vitripennis",6
"03","consumer",7,"Bombus.terrestris.agg",4
"03","consumer",8,"Syrphus.torvus",4
"03","consumer",9,"Lasioglossum.villosulum",3
"03","consumer",10,"Eristalis.pertinax",3
"03","consumer",11,"Eupeodes.corollae",3
"03","consumer",12,"Hylaeus.brevicornis",2
"03","consumer",13,"Lasioglossum.calceatum",2
"03","consumer",14,"Lasioglossum.pauxillum",2
"03","consumer",15,"Chrysotoxum.bicinctum",2
"03","consumer",16,"Helophilus.trivittatus",2
"03","consumer",17,"Melanostoma.spec",2
"03","consumer",18,"Andrena.minutula",1
"03","consumer",19,"Andrena.minutuloides",1
"03","consumer",20,"Andrena.nigroaenea",1
"03","consumer",21,"Andrena.subopaca",1
"03","consumer",22,"Anthophora.plumipes",1
"03","consumer",23,"Bombus.hypnorum",1
"03","consumer",24,"Hylaeus.gredleri",1
"03","consumer",25,"Lasioglossum.leucopus",1
"03","consumer",26,"Megachile.versicolor",1
"03","consumer",27,"Melitta.leporina",1
"03","consumer",28,"Nomada.flavoguttata",1
"03","consumer",29,"Osmia.bicolor",1
"03","consumer",30,"Osmia.rufa",1
"03","consumer",31,"Cheilosia.ranunculi.albitarsis",1
"03","consumer",32,"Didea.intermedia",1
"03","consumer",33,"Eristalis.interrupta",1
"03","consumer",34,"Eristalis.tenax",1
"03","consumer",35,"Myathropa.florea",1
"03","consumer",36,"Paragus.spec",1
"03","consumer",37,"Scaeva.pyrastri",1
"03","consumer",38,"Syrphus.ribesii",1
"03","consumer",39,"Volucella.bombylans",1
"04","resource",1,"Pimpinella.saxifraga",16
"04","resource",2,"Knautia.arvensis",15
"04","resource",3,"Thymus.pulegioides",14
"04","resource",4,"Achillea.millefolium",9
"04","resource",5,"Daucus.carota",7
"04","resource",6,"Campanula.rotundifolia",6
"04","resource",7,"Cirsium.acaule",5
"04","resource",8,"Hippocrepis.comosa",4
"04","resource",9,"Prunella.grandiflora",4
"04","resource",10,"Senecio.jacobaea",3
"04","resource",11,"Hieracium.pilosella",2
"04","resource",12,"Lotus.corniculatus",2
"04","resource",13,"Plantago.media",2
"04","resource",14,"Ranunculus.bulbosus",2
"04","resource",15,"Bellis.perennis",1
"04","resource",16,"Centaurea.jacea",1
"04","resource",17,"Centaurium.erythraea",1
"04","resource",18,"Galium.mollugo",1
"04","resource",19,"Helianthemum.nummularium",1
"04","resource",20,"Ononis.spinosa",1
"04","resource",21,"Polygala.comosa",1
"04","resource",22,"Trifolium.pratense",1
"04","resource",23,"Veronica.teucrium",1
"04","resource",24,"Vincetoxicum.hirundinaria",1
"04","consumer",1,"Sphaerophoria.spec",9
"04","consumer",2,"Bombus.pascuorum",7
"04","consumer",3,"Bombus.terrestris.agg",7
"04","consumer",4,"Lasioglossum.pauxillum",7
"04","consumer",5,"Bombus.lapidarius",6
"04","consumer",6,"Halictus.tumulorum",5
"04","consumer",7,"Andrena.minutuloides",4
"04","consumer",8,"Eristalis.tenax",4
"04","consumer",9,"Syritta.pipiens",4
"04","consumer",10,"Eristalis.pertinax",3
"04","consumer",11,"Syrphus.vitripennis",3
"04","consumer",12,"Halictus.rubicundus",2
"04","consumer",13,"Lasioglossum.fulvicorne",2
"04","consumer",14,"Nomada.flavoguttata",2
"04","consumer",15,"Sphecodes.ferruginatus",2
"04","consumer",16,"Sphecodes.niger",2
"04","consumer",17,"Episyrphus.balteatus",2
"04","consumer",18,"Eupeodes.corollae",2
"04","consumer",19,"Helophilus.trivittatus",2
"04","consumer",20,"Pipiza.noctiluca.bimaculata",2
"04","consumer",21,"Andrena.bicolor",1
"04","consumer",22,"Andrena.labialis",1
"04","consumer",23,"Andrena.minutula",1
"04","consumer",24,"Bombus.pratorum",1
"04","consumer",25,"Ceratina.cyanea",1
"04","consumer",26,"Heriades.truncorum",1
"04","consumer",27,"Lasioglossum.calceatum",1
"04","consumer",28,"Lasioglossum.leucopus",1
"04","consumer",29,"Lasioglossum.morio",1
"04","consumer",30,"Lasioglossum.pygmaeum",1
"04","consumer",31,"Lasioglossum.villosulum",1
"04","consumer",32,"Melitta.haemorrhoidalis",1
"04","consumer",33,"Sphecodes.crassus",1
"04","consumer",34,"Cheilosia.fraterna",1
"04","consumer",35,"Cheilosia.soror",1
"04","consumer",36,"Chrysotoxum.bicinctum",1
"04","consumer",37,"Eristalis.arbustorum",1
"04","consumer",38,"Eristalis.interrupta",1
"04","consumer",39,"Eristalis.lineata",1
"04","consumer",40,"Helophilus.hybridus",1
"04","consumer",41,"Helophilus.pendulus",1
"04","consumer",42,"Heringia.spec",1
"04","consumer",43,"Myathropa.florea",1
"04","consumer",44,"Syrphus.ribesii",1
"05","resource",1,"Veronica.teucrium",8
"05","resource",2,"Centaurea.jacea",6
"05","resource",3,"Helianthemum.nummularium",6
"05","resource",4,"Solidago.canadensis",6
"05","resource",5,"Centaurea.scabiosa",5
"05","resource",6,"Genista.tinctoria",5
"05","resource",7,"Knautia.arvensis",5
"05","resource",8,"Galium.mollugo",4
"05","resource",9,"Hypericum.perforatum",4
"05","resource",10,"Plantago.media",4
"05","resource",11,"Potentilla.neumanniana",4
"05","resource",12,"Campanula.rotundifolia",3
"05","resource",13,"Leontodon.hispidus",3
"05","resource",14,"Ranunculus.bulbosus",3
"05","resource",15,"Trifolium.repens",3
"05","resource",16,"Achillea.millefolium",2
"05","resource",17,"Clinopodium.vulgare",2
"05","resource",18,"Crepis.biennis",2
"05","resource",19,"Fragaria.vesca",2
"05","resource",20,"Lotus.corniculatus",2
"05","resource",21,"Medicago.lupulina",2
"05","resource",22,"Plantago.lanceolata",2
"05","resource",23,"Prunella.grandiflora",2
"05","resource",24,"Taraxacum.officinale",2
"05","resource",25,"Centaurium.erythraea",1
"05","resource",26,"Leucanthemum.vulgare",1
"05","resource",27,"Medicago.falcata",1
"05","resource",28,"Pimpinella.saxifraga",1
"05","resource",29,"Trifolium.pratense",1
"05","resource",30,"Veronica.chamaedrys",1
"05","resource",31,"Vicia.cracca",1
"05","consumer",1,"Episyrphus.balteatus",11
"05","consumer",2,"Sphaerophoria.spec",11
"05","consumer",3,"Bombus.pascuorum",9
"05","consumer",4,"Bombus.lapidarius",8
"05","consumer",5,"Bombus.terrestris.agg",7
"05","consumer",6,"Lasioglossum.pauxillum",5
"05","consumer",7,"Osmia.bicolor",4
"05","consumer",8,"Eristalis.tenax",4
"05","consumer",9,"Syrphus.torvus",4
"05","consumer",10,"Halictus.tumulorum",3
"05","consumer",11,"Eristalis.interrupta",3
"05","consumer",12,"Pipizella.spec",3
"05","consumer",13,"Syrphus.vitripennis",3
"05","consumer",14,"Hylaeus.confusus",2
"05","consumer",15,"Syritta.pipiens",2
"05","consumer",16,"Andrena.falsifica",1
"05","consumer",17,"Andrena.subopaca",1
"05","consumer",18,"Chelostoma.rapunculi",1
"05","consumer",19,"Lasioglossum.calceatum",1
"05","consumer",20,"Lasioglossum.fulvicorne",1
"05","consumer",21,"Lasioglossum.morio",1
"05","consumer",22,"Megachile.willughbiella",1
"05","consumer",23,"Melitta.haemorrhoidalis",1
"05","consumer",24,"Psithyrus.sylvestris",1
"05","consumer",25,"Cheilosia.ranunculi.albitarsis",1
"05","consumer",26,"Chrysotoxum.verralli",1
"05","consumer",27,"Melanostoma.spec",1
"05","consumer",28,"Scaeva.selenitica",1
"05","consumer",29,"Syrphus.ribesii",1
"05","consumer",30,"Xanthogramma.pedissequum",1
"06","resource",1,"Daucus.carota",20
"06","resource",2,"Thymus.pulegioides",12
"06","resource",3,"Pimpinella.saxifraga",11
"06","resource",4,"Knautia.arvensis",10
"06","resource",5,"Centaurea.jacea",8
"06","resource",6,"Campanula.rotundifolia",5
"06","resource",7,"Ranunculus.bulbosus",4
"06","resource",8,"Cirsium.acaule",3
"06","resource",9,"Veronica.teucrium",3
"06","resource",10,"Potentilla.neumanniana",2
"06","resource",11,"Prunella.grandiflora",2
"06","resource",12,"Achillea.millefolium",1
"06","resource",13,"Carlina.vulgaris",1
"06","resource",14,"Centaurea.scabiosa",1
"06","resource",15,"Fragaria.vesca",1
"06","resource",16,"Hippocrepis.comosa",1
"06","resource",17,"Hypericum.perforatum",1
"06","resource",18,"Leontodon.hispidus",1
"06","resource",19,"Lotus.corniculatus",1
"06","resource",20,"Ononis.spinosa",1
"06","resource",21,"Primula.veris",1
"06","resource",22,"Prunella.vulgaris",1
"06","resource",23,"Rosa.NA",1
"06","resource",24,"Senecio.jacobaea",1
"06","consumer",1,"Bombus.lapidarius",8
"06","consumer",2,"Episyrphus.balteatus",8
"06","consumer",3,"Bombus.pascuorum",4
"06","consumer",4,"Bombus.terrestris.agg",4
"06","consumer",5,"Halictus.tumulorum",4
"06","consumer",6,"Sphaerophoria.spec",4
"06","consumer",7,"Syrphus.vitripennis",4
"06","consumer",8,"Sphecodes.ephippius",3
"06","consumer",9,"Eristalis.tenax",3
"06","consumer",10,"Pipizella.spec",3
"06","consumer",11,"Chelostoma.rapunculi",2
"06","consumer",12,"Halictus.rubicundus",2
"06","consumer",13,"Lasioglossum.calceatum",2
"06","consumer",14,"Lasioglossum.pauxillum",2
"06","consumer",15,"Nomada.flavoguttata",2
"06","consumer",16,"Sphecodes.ferruginatus",2
"06","consumer",17,"Eristalis.arbustorum",2
"06","consumer",18,"Eristalis.interrupta",2
"06","consumer",19,"Myathropa.florea",2
"06","consumer",20,"Scaeva.pyrastri",2
"06","consumer",21,"Syritta.pipiens",2
"06","consumer",22,"Syrphus.ribesii",2
"06","consumer",23,"Andrena.falsifica",1
"06","consumer",24,"Andrena.flavipes",1
"06","consumer",25,"Andrena.subopaca",1
"06","consumer",26,"Anthidium.strigatum",1
"06","consumer",27,"Bombus.soroeensis",1
"06","consumer",28,"Ceratina.cyanea",1
"06","consumer",29,"Lasioglossum.fulvicorne",1
"06","consumer",30,"Lasioglossum.minutulum",1
"06","consumer",31,"Lasioglossum.morio",1
"06","consumer",32,"Lasioglossum.villosulum",1
"06","consumer",33,"Osmia.bicolor",1
"06","consumer",34,"Osmia.spinulosa",1
"06","consumer",35,"Sphecodes.gibbus",1
"06","consumer",36,"Sphecodes.hyalinatus",1
"06","consumer",37,"Sphecodes.monilicornis",1
"06","consumer",38,"Cheilosia.antiqua",1
"06","consumer",39,"Cheilosia.soror",1
"06","consumer",40,"Cheilosia.vulpina",1
"06","consumer",41,"Dasysyrphus.albostriatus",1
"06","consumer",42,"Eristalis.pertinax",1
"06","consumer",43,"Eupeodes.corollae",1
"06","consumer",44,"Helophilus.pendulus",1
"06","consumer",45,"Helophilus.trivittatus",1
"06","consumer",46,"Syrphus.torvus",1
"07","resource",1,"Centaurea.jacea",8
"07","resource",2,"Centaurea.scabiosa",8
"07","resource",3,"Knautia.arvensis",8
"07","resource",4,"Daucus.carota",5
"07","resource",5,"Thymus.pulegioides",5
"07","resource",6,"Centaurium.erythraea",4
"07","resource",7,"Hieracium.pilosella",4
"07","resource",8,"Leucanthemum.vulgare",4
"07","resource",9,"Potentilla.erecta",4
"07","resource",10,"Agrimonia.eupatoria",3
"07","resource",11,"Hypericum.perforatum",3
"07","resource",12,"Leontodon.hispidus",3
"07","resource",13,"Lotus.corniculatus",3
"07","resource",14,"Pimpinella.saxifraga",3
"07","resource",15,"Senecio.jacobaea",3
"07","resource",16,"Gymnadenia.conopsea",2
"07","resource",17,"Medicago.lupulina",2
"07","resource",18,"Ononis.spinosa",2
"07","resource",19,"Plantago.media",2
"07","resource",20,"Ranunculus.bulbosus",2
"07","resource",21,"Rosa.NA",2
"07","resource",22,"Achillea.millefolium",1
"07","resource",23,"Anthyllis.vulneraria",1
"07","resource",24,"Cirsium.acaule",1
"07","resource",25,"Galium.mollugo",1
"07","resource",26,"Gymnadenia.conopcea",1
"07","resource",27,"Hippocrepis.comosa",1
"07","resource",28,"Polygala.comosa",1
"07","resource",29,"Potentilla.neumanniana",1
"07","resource",30,"Trifolium.pratense",1
"07","resource",31,"Vicia.cracca",1
"07","consumer",1,"Bombus.pascuorum",8
"07","consumer",2,"Sphaerophoria.spec",8
"07","consumer",3,"Bombus.lapidarius",7
"07","consumer",4,"Episyrphus.balteatus",7
"07","consumer",5,"Syrphus.torvus",7
"07","consumer",6,"Syrphus.ribesii",6
"07","consumer",7,"Andrena.subopaca",5
"07","consumer",8,"Lasioglossum.pauxillum",5
"07","consumer",9,"Andrena.flavipes",4
"07","consumer",10,"Bombus.terrestris.agg",4
"07","consumer",11,"Halictus.tumulorum",3
"07","consumer",12,"Lasioglossum.villosulum",3
"07","consumer",13,"Lasioglossum.morio",2
"07","consumer",14,"Eristalis.interrupta",2
"07","consumer",15,"Eristalis.tenax",2
"07","consumer",16,"Scaeva.selenitica",2
"07","consumer",17,"Syrphus.vitripennis",2
"07","consumer",18,"Andrena.fulvago",1
"07","consumer",19,"Andrena.minutuloides",1
"07","consumer",20,"Bombus.hypnorum",1
"07","consumer",21,"Halictus.rubicundus",1
"07","consumer",22,"Lasioglossum.fulvicorne",1
"07","consumer",23,"Psithyrus.bohemicus",1
"07","consumer",24,"Psithyrus.rupestris",1
"07","consumer",25,"Cheilosia.barbata",1
"07","consumer",26,"Chrysotoxum.bicinctum",1
"07","consumer",27,"Didea.fasciata",1
"07","consumer",28,"Eupeodes.corollae",1
"07","consumer",29,"Melanostoma.spec",1
"07","consumer",30,"Paragus.spec",1
"08","resource",1,"Leucanthemum.vulgare",7
"08","resource",2,"Ranunculus.bulbosus",7
"08","resource",3,"Campanula.glomerata",6
"08","resource",4,"Campanula.rotundifolia",6
"08","resource",5,"Centaurea.scabiosa",6
"08","resource",6,"Knautia.arvensis",6
"08","resource",7,"Thymus.pulegioides",6
"08","resource",8,"Centaurea.jacea",5
"08","resource",9,"Hippocrepis.comosa",5
"08","resource",10,"Pimpinella.saxifraga",5
"08","resource",11,"Helianthemum.nummularium",4
"08","resource",12,"Potentilla.neumanniana",4
"08","resource",13,"Solidago.virgaurea",4
"08","resource",14,"Fragaria.vesca",3
"08","resource",15,"Daucus.carota",2
"08","resource",16,"Hieracium.pilosella",2
"08","resource",17,"Potentilla.reptans",2
"08","resource",18,"Achillea.millefolium",1
"08","resource",19,"Anthriscus.sylvestris",1
"08","resource",20,"Cirsium.acaule",1
"08","resource",21,"Genista.tinctorium",1
"08","resource",22,"Orchis.mascula",1
"08","resource",23,"Primula.veris",1
"08","resource",24,"Taraxacum.officinale",1
"08","consumer",1,"Lasioglossum.morio",10
"08","consumer",2,"Bombus.lapidarius",8
"08","consumer",3,"Halictus.tumulorum",8
"08","consumer",4,"Episyrphus.balteatus",6
"08","consumer",5,"Osmia.bicolor",4
"08","consumer",6,"Sphaerophoria.spec",4
"08","consumer",7,"Bombus.pascuorum",3
"08","consumer",8,"Bombus.terrestris.agg",3
"08","consumer",9,"Syrphus.vitripennis",3
"08","consumer",10,"Andrena.minutula",2
"08","consumer",11,"Chelostoma.rapunculi",2
"08","consumer",12,"Hylaeus.confusus",2
"08","consumer",13,"Lasioglossum.pauxillum",2
"08","consumer",14,"Nomada.flavoguttata",2
"08","consumer",15,"Sphecodes.ephippius",2
"08","consumer",16,"Eristalis.tenax",2
"08","consumer",17,"Pipizella.spec",2
"08","consumer",18,"Syrphus.ribesii",2
"08","consumer",19,"Andrena.falsifica",1
"08","consumer",20,"Andrena.minutuloides",1
"08","consumer",21,"Andrena.strohmella",1
"08","consumer",22,"Bombus.hortorum",1
"08","consumer",23,"Hylaeus.communis",1
"08","consumer",24,"Lasioglossum.calceatum",1
"08","consumer",25,"Lasioglossum.villosulum",1
"08","consumer",26,"Melitta.haemorrhoidalis",1
"08","consumer",27,"Osmia.uncinata",1
"08","consumer",28,"Psithyrus.rupestris",1
"08","consumer",29,"Cheilosia.ranunculi.albitarsis",1
"08","consumer",30,"Cheilosia.soror",1
"08","consumer",31,"Chrysotoxum.bicinctum",1
"08","consumer",32,"Eristalis.interrupta",1
"08","consumer",33,"Eristalis.lineata",1
"08","consumer",34,"Heringia.spec",1
"08","consumer",35,"Myathropa.florea",1
"08","consumer",36,"Sericomyia.silentis",1
"08","consumer",37,"Syritta.pipiens",1
"08","consumer",38,"Volucella.pellucens",1
"09","resource",1,"Pimpinella.saxifraga",13
"09","resource",2,"Knautia.arvensis",7
"09","resource",3,"Trifolium.pratense",7
"09","resource",4,"Daucus.carota",5
"09","resource",5,"Leontodon.hispidus",5
"09","resource",6,"Potentilla.reptans",4
"09","resource",7,"Solidago.virgaurea",3
"09","resource",8,"Campanula.rotundifolia",2
"09","resource",9,"Cirsium.acaule",2
"09","resource",10,"Helianthemum.nummularium",2
"09","resource",11,"Hypericum.perforatum",2
"09","resource",12,"Lotus.corniculatus",2
"09","resource",13,"Medicago.lupulina",2
"09","resource",14,"Achillea.millefolium",1
"09","resource",15,"Centaurea.scabiosa",1
"09","resource",16,"Galium.mollugo",1
"09","resource",17,"Galium.verum",1
"09","resource",18,"Papaver.rhoeas",1
"09","resource",19,"Potentilla.repens",1
"09","resource",20,"Ranunculus.acris",1
"09","resource",21,"Rhinanthus.minor",1
"09","resource",22,"Rosa.NA",1
"09","resource",23,"Senecio.erucifolius",1
"09","resource",24,"Stachys.germanica",1
"09","resource",25,"Thymus.pulegioides",1
"09","resource",26,"Valeriana.officinalis",1
"09","resource",27,"Vicia.sepium",1
"09","consumer",1,"Sphaerophoria.spec",10
"09","consumer",2,"Episyrphus.balteatus",9
"09","consumer",3,"Bombus.pascuorum",7
"09","consumer",4,"Eristalis.tenax",5
"09","consumer",5,"Syrphus.ribesii",5
"09","consumer",6,"Bombus.lapidarius",4
"09","consumer",7,"Syrphus.vitripennis",4
"09","consumer",8,"Andrena.minutuloides",2
"09","consumer",9,"Bombus.terrestris.agg",2
"09","consumer",10,"Lasioglossum.pauxillum",2
"09","consumer",11,"Chrysogaster.solstitialis",2
"09","consumer",12,"Eristalis.pertinax",2
"09","consumer",13,"Helophilus.pendulus",2
"09","consumer",14,"Andrena.minutula",1
"09","consumer",15,"Andrena.subopaca",1
"09","consumer",16,"Chelostoma.campanularum",1
"09","consumer",17,"Lasioglossum.albipes",1
"09","consumer",18,"Lasioglossum.villosulum",1
"09","consumer",19,"Psithyrus.rupestris",1
"09","consumer",20,"Psithyrus.sylvestris",1
"09","consumer",21,"Cheilosia.barbata",1
"09","consumer",22,"Cheilosia.ranunculi.albitarsis",1
"09","consumer",23,"Cheilosia.soror",1
"09","consumer",24,"Eristalis.arbustorum",1
"09","consumer",25,"Myathropa.florea",1
"09","consumer",26,"Pipizella.spec",1
"09","consumer",27,"Platycheirus.albimanus",1
"10","resource",1,"Centaurea.scabiosa",9
"10","resource",2,"Knautia.arvensis",8
"10","resource",3,"Pimpinella.saxifraga",8
"10","resource",4,"Centaurea.jacea",7
"10","resource",5,"Senecio.jacobaea",5
"10","resource",6,"Campanula.glomerata",4
"10","resource",7,"Hieracium.pilosella",4
"10","resource",8,"Solidago.virgaurea",4
"10","resource",9,"Galium.mollugo",3
"10","resource",10,"Helianthemum.nummularium",3
"10","resource",11,"Anthemis.tinctoria",2
"10","resource",12,"Leontodon.hispidus",2
"10","resource",13,"Leucanthemum.vulgare",2
"10","resource",14,"Lotus.corniculatus",2
"10","resource",15,"Achillea.millefolium",1
"10","resource",16,"Centaurium.erythraea",1
"10","resource",17,"Cirsium.acaule",1
"10","resource",18,"Crataegus.laevigata",1
"10","resource",19,"Crepis.biennis",1
"10","resource",20,"Echium.vulgare",1
"10","resource",21,"Gentiana.ciliata",1
"10","resource",22,"Heracleum.sphondylium",1
"10","resource",23,"Hieracium.NA",1
"10","resource",24,"Hypericum.perforatum",1
"10","resource",25,"Plantago.lanceolata",1
"10","resource",26,"Ranunculus.bulbosus",1
"10","resource",27,"Senecio.jacobeae",1
"10","resource",28,"Trifolium.pratense",1
"10","resource",29,"Vicia.cracca",1
"10","consumer",1,"Episyrphus.balteatus",12
"10","consumer",2,"Bombus.lapidarius",6
"10","consumer",3,"Bombus.terrestris.agg",5
"10","consumer",4,"Lasioglossum.morio",5
"10","consumer",5,"Bombus.pascuorum",4
"10","consumer",6,"Eristalis.pertinax",4
"10","consumer",7,"Lasioglossum.villosulum",3
"10","consumer",8,"Eristalis.tenax",3
"10","consumer",9,"Sphaerophoria.spec",3
"10","consumer",10,"Syrphus.torvus",3
"10","consumer",11,"Andrena.minutula",2
"10","consumer",12,"Chelostoma.rapunculi",2
"10","consumer",13,"Hylaeus.communis",2
"10","consumer",14,"Lasioglossum.albipes",2
"10","consumer",15,"Lasioglossum.pauxillum",2
"10","consumer",16,"Psithyrus.rupestris",2
"10","consumer",17,"Psithyrus.sylvestris",2
"10","consumer",18,"Eristalis.interrupta",2
"10","consumer",19,"Heringia.spec",2
"10","consumer",20,"Syrphus.vitripennis",2
"10","consumer",21,"Ceratina.cyanea",1
"10","consumer",22,"Halictus.tumulorum",1
"10","consumer",23,"Osmia.bicolor",1
"10","consumer",24,"Psithyrus.bohemicus",1
"10","consumer",25,"Cheilosia.soror",1
"10","consumer",26,"Eristalis.arbustorum",1
"10","consumer",27,"Eristalis.intricaria",1
"10","consumer",28,"Melanostoma.spec",1
"10","consumer",29,"Myathropa.florea",1
"10","consumer",30,"Syrphus.ribesii",1
"11","resource",1,"Centaurea.jacea",7
"11","resource",2,"Daucus.carota",7
"11","resource",3,"Centaurea.scabiosa",6
"11","resource",4,"Hypericum.perforatum",6
"11","resource",5,"Leontodon.hispidus",6
"11","resource",6,"Achillea.millefolium",5
"11","resource",7,"Knautia.arvensis",5
"11","resource",8,"Thymus.pulegioides",4
"11","resource",9,"Campanula.rotundifolia",3
"11","resource",10,"Leucanthemum.vulgare",3
"11","resource",11,"Lotus.corniculatus",3
"11","resource",12,"Pimpinella.saxifraga",3
"11","resource",13,"Ranunculus.bulbosus",3
"11","resource",14,"Hippocrepis.comosa",2
"11","resource",15,"Potentilla.neumanniana",2
"11","resource",16,"Valeriana.officinalis",2
"11","resource",17,"Agrimonia.eupatoria",1
"11","resource",18,"Cirsium.acaule",1
"11","resource",19,"Clinopodium.vulgare",1
"11","resource",20,"Galium.verum",1
"11","resource",21,"Plantago.media",1
"11","resource",22,"Senecio.jacobaea",1
"11","resource",23,"Tanacetum.vulgare",1
"11","consumer",1,"Episyrphus.balteatus",10
"11","consumer",2,"Sphaerophoria.spec",9
"11","consumer",3,"Bombus.pascuorum",8
"11","consumer",4,"Syrphus.ribesii",6
"11","consumer",5,"Syrphus.vitripennis",4
"11","consumer",6,"Bombus.lapidarius",3
"11","consumer",7,"Lasioglossum.morio",3
"11","consumer",8,"Lasioglossum.pauxillum",3
"11","consumer",9,"Bombus.terrestris.agg",2
"11","consumer",10,"Eristalis.arbustorum",2
"11","consumer",11,"Eristalis.tenax",2
"11","consumer",12,"Melanostoma.spec",2
"11","consumer",13,"Andrena.falsifica",1
"11","consumer",14,"Andrena.minutula",1
"11","consumer",15,"Chelostoma.campanularum",1
"11","consumer",16,"Chelostoma.rapunculi",1
"11","consumer",17,"Colletes.daviesanus",1
"11","consumer",18,"Halictus.tumulorum",1
"11","consumer",19,"Heriades.truncorum",1
"11","consumer",20,"Hylaeus.communis",1
"11","consumer",21,"Hylaeus.nigritus",1
"11","consumer",22,"Lasioglossum.villosulum",1
"11","consumer",23,"Megachile.versicolor",1
"11","consumer",24,"Cheilosia.ranunculi.albitarsis",1
"11","consumer",25,"Cheilosia.vulpina",1
"11","consumer",26,"Eristalis.pertinax",1
"11","consumer",27,"Eupeodes.corollae",1
"11","consumer",28,"Helophilus.trivittatus",1
"11","consumer",29,"Paragus.spec",1
"11","consumer",30,"Pipizella.spec",1
"11","consumer",31,"Scaeva.pyrastri",1
"11","consumer",32,"Syrphus.torvus",1
"12","resource",1,"Centaurea.jacea",8
"12","resource",2,"Prunella.grandiflora",8
"12","resource",3,"Hieracium.pilosella",7
"12","resource",4,"Knautia.arvensis",7
"12","resource",5,"Thymus.pulegioides",7
"12","resource",6,"Daucus.carota",5
"12","resource",7,"Cirsium.acaule",4
"12","resource",8,"Hippocrepis.comosa",3
"12","resource",9,"Leontodon.hispidus",3
"12","resource",10,"Ligustrum.vulgare",3
"12","resource",11,"Melampyrum.arvense",3
"12","resource",12,"Centaurea.scabiosa",2
"12","resource",13,"Galium.mollugo",2
"12","resource",14,"Pimpinella.saxifraga",2
"12","resource",15,"Potentilla.neumanniana",2
"12","resource",16,"Prunella.vulgaris",2
"12","resource",17,"Achillea.millefolium",1
"12","resource",18,"Anthyllis.vulneraria",1
"12","resource",19,"Carlina.vulgaris",1
"12","resource",20,"Echium.vulgare",1
"12","resource",21,"Helianthemum.nummularium",1
"12","resource",22,"Lotus.corniculatus",1
"12","resource",23,"Ononis.spinosa",1
"12","resource",24,"Plantago.media",1
"12","resource",25,"Senecio.jacobaea",1
"12","consumer",1,"Episyrphus.balteatus",8
"12","consumer",2,"Bombus.lapidarius",7
"12","consumer",3,"Syrphus.vitripennis",7
"12","consumer",4,"Bombus.pascuorum",6
"12","consumer",5,"Bombus.terrestris.agg",6
"12","consumer",6,"Syrphus.torvus",6
"12","consumer",7,"Eristalis.tenax",4
"12","consumer",8,"Sphaerophoria.spec",4
"12","consumer",9,"Bombus.pratorum",2
"12","consumer",10,"Halictus.tumulorum",2
"12","consumer",11,"Lasioglossum.morio",2
"12","consumer",12,"Lasioglossum.pauxillum",2
"12","consumer",13,"Lasioglossum.villosulum",2
"12","consumer",14,"Cheilosia.soror",2
"12","consumer",15,"Eristalis.interrupta",2
"12","consumer",16,"Eristalis.pertinax",2
"12","consumer",17,"Syritta.pipiens",2
"12","consumer",18,"Andrena.minutuloides",1
"12","consumer",19,"Lasioglossum.fulvicorne",1
"12","consumer",20,"Osmia.aurulenta",1
"12","consumer",21,"Osmia.bicolor",1
"12","consumer",22,"Didea.fasciata",1
"12","consumer",23,"Eristalis.lineata",1
"12","consumer",24,"Eupeodes.corollae",1
"12","consumer",25,"Helophilus.trivittatus",1
"12","consumer",26,"Melanostoma.spec",1
"12","consumer",27,"Scaeva.selenitica",1
"12","consumer",28,"Syrphus.ribesii",1
"13","resource",1,"Knautia.arvensis",11
"13","resource",2,"Centaurea.scabiosa",10
"13","resource",3,"Leontodon.hispidus",6
"13","resource",4,"Pimpinella.saxifraga",4
"13","resource",5,"Hippocrepis.comosa",3
"13","resource",6,"Thymus.pulegioides",3
"13","resource",7,"Achillea.millefolium",2
"13","resource",8,"Cirsium.acaule",2
"13","resource",9,"Clinopodium.vulgare",2
"13","resource",10,"Daucus.carota",2
"13","resource",11,"Senecio.jacobaea",2
"13","resource",12,"Cornus.sanguinea",1
"13","resource",13,"Crepis.biennis",1
"13","resource",14,"Fragaria.vesca",1
"13","resource",15,"Lotus.corniculatus",1
"13","resource",16,"Plantago.media",1
"13","resource",17,"Rosa.NA",1
"13","resource",18,"Veronica.teucrium",1
"13","consumer",1,"Bombus.lapidarius",5
"13","consumer",2,"Bombus.pascuorum",5
"13","consumer",3,"Halictus.tumulorum",5
"13","consumer",4,"Lasioglossum.morio",4
"13","consumer",5,"Bombus.terrestris.agg",3
"13","consumer",6,"Lasioglossum.fulvicorne",3
"13","consumer",7,"Episyrphus.balteatus",3
"13","consumer",8,"Eristalis.tenax",3
"13","consumer",9,"Lasioglossum.pauxillum",2
"13","consumer",10,"Eristalis.interrupta",2
"13","consumer",11,"Pipizella.spec",2
"13","consumer",12,"Sphaerophoria.spec",2
"13","consumer",13,"Andrena.subopaca",1
"13","consumer",14,"Andrena.wilkella",1
"13","consumer",15,"Anthidium.strigatum",1
"13","consumer",16,"Halictus.rubicundus",1
"13","consumer",17,"Osmia.bicolor",1
"13","consumer",18,"Psithyrus.bohemicus",1
"13","consumer",19,"Psithyrus.rupestris",1
"13","consumer",20,"Sphecodes.hyalinatus",1
"13","consumer",21,"Cheilosia.vulpina",1
"13","consumer",22,"Eristalis.lineata",1
"13","consumer",23,"Eristalis.pertinax",1
"13","consumer",24,"Helophilus.pendulus",1
"13","consumer",25,"Helophilus.trivittatus",1
"13","consumer",26,"Syrphus.torvus",1
"13","consumer",27,"Volucella.pellucens",1
"14","resource",1,"Cirsium.arvense",12
"14","resource",2,"Knautia.arvensis",10
"14","resource",3,"Daucus.carota",9
"14","resource",4,"Senecio.erucifolius",8
"14","resource",5,"Galium.verum",6
"14","resource",6,"Agrimonia.eupatoria",5
"14","resource",7,"Achillea.millefolium",4
"14","resource",8,"Centaurea.scabiosa",4
"14","resource",9,"Clinopodium.vulgare",4
"14","resource",10,"Leucanthemum.vulgare",4
"14","resource",11,"Pimpinella.saxifraga",4
"14","resource",12,"Senecio.erucifoliaea",4
"14","resource",13,"Thymus.pulegioides",4
"14","resource",14,"Hypericum.perforatum",3
"14","resource",15,"Ranunculus.bulbosus",2
"14","resource",16,"Astragalus.glycyphyllos",1
"14","resource",17,"Campanula.rotundifolia",1
"14","resource",18,"Cirsium.arvensis",1
"14","resource",19,"Convolvulus.arvensis",1
"14","resource",20,"Echium.vulgare",1
"14","resource",21,"Galium.mollugo",1
"14","resource",22,"Lotus.corniculatus",1
"14","resource",23,"Pastinaca.sativa",1
"14","resource",24,"Senecio.jacobaea",1
"14","resource",25,"Stellaria.media",1
"14","consumer",1,"Episyrphus.balteatus",10
"14","consumer",2,"Sphaerophoria.spec",9
"14","consumer",3,"Lasioglossum.pauxillum",6
"14","consumer",4,"Lasioglossum.morio",5
"14","consumer",5,"Syrphus.vitripennis",5
"14","consumer",6,"Bombus.terrestris.agg",4
"14","consumer",7,"Eristalis.interrupta",4
"14","consumer",8,"Eristalis.tenax",4
"14","consumer",9,"Bombus.pascuorum",3
"14","consumer",10,"Eristalis.pertinax",3
"14","consumer",11,"Helophilus.pendulus",3
"14","consumer",12,"Syrphus.ribesii",3
"14","consumer",13,"Syrphus.torvus",3
"14","consumer",14,"Bombus.lapidarius",2
"14","consumer",15,"Halictus.tumulorum",2
"14","consumer",16,"Lasioglossum.calceatum",2
"14","consumer",17,"Sphecodes.ephippius",2
"14","consumer",18,"Eristalis.arbustorum",2
"14","consumer",19,"Helophilus.trivittatus",2
"14","consumer",20,"Melanostoma.spec",2
"14","consumer",21,"Scaeva.pyrastri",2
"14","consumer",22,"Andrena.flavipes",1
"14","consumer",23,"Hylaeus.communis",1
"14","consumer",24,"Hylaeus.confusus",1
"14","consumer",25,"Lasioglossum.albipes",1
"14","consumer",26,"Osmia.bicolor",1
"14","consumer",27,"Sphecodes.rufiventris",1
"14","consumer",28,"Chrysotoxum.bicinctum",1
"14","consumer",29,"Epistrophe.grossulariae",1
"14","consumer",30,"Eupeodes.corollae",1
"14","consumer",31,"Eupeodes.luniger",1
"14","consumer",32,"Helophilus.hybridus",1
"14","consumer",33,"Myathropa.florea",1
"14","consumer",34,"Paragus.spec",1
"14","consumer",35,"Pipizella.spec",1
"14","consumer",36,"Syritta.pipiens",1
"15","resource",1,"Knautia.arvensis",12
"15","resource",2,"Pimpinella.saxifraga",9
"15","resource",3,"Centaurea.jacea",8
"15","resource",4,"Daucus.carota",5
"15","resource",5,"Hippocrepis.comosa",4
"15","resource",6,"Leontodon.hispidus",4
"15","resource",7,"Ononis.spinosa",4
"15","resource",8,"Cichorium.intybus",3
"15","resource",9,"Cirsium.acaule",3
"15","resource",10,"Campanula.rotundifolia",2
"15","resource",11,"Lotus.corniculatus",2
"15","resource",12,"Medicago.falcata",1
"15","resource",13,"Trifolium.pratense",1
"15","consumer",1,"Sphaerophoria.spec",7
"15","consumer",2,"Bombus.lapidarius",5
"15","consumer",3,"Lasioglossum.pauxillum",4
"15","consumer",4,"Episyrphus.balteatus",4
"15","consumer",5,"Eristalis.interrupta",4
"15","consumer",6,"Bombus.pascuorum",3
"15","consumer",7,"Bombus.terrestris.agg",3
"15","consumer",8,"Eristalis.tenax",3
"15","consumer",9,"Eristalis.pertinax",2
"15","consumer",10,"Myathropa.florea",2
"15","consumer",11,"Scaeva.pyrastri",2
"15","consumer",12,"Syrphus.ribesii",2
"15","consumer",13,"Syrphus.vitripennis",2
"15","consumer",14,"Andrena.minutuloides",1
"15","consumer",15,"Andrena.wilkella",1
"15","consumer",16,"Anthidium.manicatum",1
"15","consumer",17,"Chelostoma.rapunculi",1
"15","consumer",18,"Lasioglossum.calceatum",1
"15","consumer",19,"Lasioglossum.villosulum",1
"15","consumer",20,"Osmia.aurulenta",1
"15","consumer",21,"Osmia.bicolor",1
"15","consumer",22,"Psithyrus.rupestris",1
"15","consumer",23,"Sphecodes.monilicornis",1
"15","consumer",24,"Cheilosia.soror",1
"15","consumer",25,"Eupeodes.lapponicus",1
"15","consumer",26,"Ferdinandea.cuprea",1
"15","consumer",27,"Helophilus.pendulus",1
"15","consumer",28,"Melanostoma.spec",1
"16","resource",1,"Knautia.arvensis",7
"16","resource",2,"Helianthemum.nummularium",5
"16","resource",3,"Agrimonia.eupatoria",4
"16","resource",4,"Clinopodium.vulgare",4
"16","resource",5,"Pimpinella.saxifraga",4
"16","resource",6,"Galium.mollugo",3
"16","resource",7,"Leucanthemum.vulgare",3
"16","resource",8,"Ononis.spinosa",3
"16","resource",9,"Campanula.rotundifolia",2
"16","resource",10,"Centaurea.jacea",2
"16","resource",11,"Thymus.pulegioides",2
"16","resource",12,"Trifolium.pratense",2
"16","resource",13,"Veronica.teucrium",2
"16","resource",14,"Achillea.millefolium",1
"16","resource",15,"Centaurea.scabiosa",1
"16","resource",16,"Cirsium.acaule",1
"16","resource",17,"Cirsium.arvense",1
"16","resource",18,"Crataegus.laevigata",1
"16","resource",19,"Daucus.carota",1
"16","resource",20,"Fragaria.vesca",1
"16","resource",21,"Hippocrepis.comosa",1
"16","resource",22,"Lotus.corniculatus",1
"16","resource",23,"Picris.hieracioides",1
"16","resource",24,"Prunella.grandiflora",1
"16","resource",25,"Ranunculus.bulbosus",1
"16","resource",26,"Rubus.fruticosus",1
"16","resource",27,"Trifolium.campestre",1
"16","consumer",1,"Episyrphus.balteatus",11
"16","consumer",2,"Bombus.lapidarius",6
"16","consumer",3,"Bombus.terrestris.agg",6
"16","consumer",4,"Sphaerophoria.spec",6
"16","consumer",5,"Syrphus.vitripennis",6
"16","consumer",6,"Bombus.pascuorum",3
"16","consumer",7,"Syrphus.torvus",3
"16","consumer",8,"Eristalis.interrupta",2
"16","consumer",9,"Eristalis.tenax",2
"16","consumer",10,"Syrphus.ribesii",2
"16","consumer",11,"Andrena.subopaca",1
"16","consumer",12,"Hylaeus.brevicornis",1
"16","consumer",13,"Lasioglossum.calceatum",1
"16","consumer",14,"Lasioglossum.morio",1
"16","consumer",15,"Nomada.flavoguttata",1
"16","consumer",16,"Psithyrus.bohemicus",1
"16","consumer",17,"Cheilosia.soror",1
"16","consumer",18,"Didea.fasciata",1
"16","consumer",19,"Eumerus.ornatus",1
"16","consumer",20,"Heringia.spec",1
"17","resource",1,"Leontodon.hispidus",18
"17","resource",2,"Achillea.millefolium",10
"17","resource",3,"Pimpinella.saxifraga",9
"17","resource",4,"Centaurea.scabiosa",5
"17","resource",5,"Senecio.jacobaea",5
"17","resource",6,"Campanula.rotundifolia",4
"17","resource",7,"Prunella.grandiflora",3
"17","resource",8,"Ranunculus.bulbosus",3
"17","resource",9,"Hippocrepis.comosa",2
"17","resource",10,"Centaurea.jacea",1
"17","resource",11,"Daucus.carota",1
"17","resource",12,"Galium.verum",1
"17","resource",13,"Helianthemum.nummularium",1
"17","resource",14,"Knautia.arvensis",1
"17","resource",15,"Lotus.corniculatus",1
"17","resource",16,"Medicago.lupulina",1
"17","resource",17,"Orchis.militaris",1
"17","resource",18,"Potentilla.neumanniana",1
"17","resource",19,"Senecio.erucifolius",1
"17","consumer",1,"Sphaerophoria.spec",7
"17","consumer",2,"Bombus.lapidarius",6
"17","consumer",3,"Episyrphus.balteatus",5
"17","consumer",4,"Eristalis.pertinax",5
"17","consumer",5,"Andrena.minutula",3
"17","consumer",6,"Bombus.pascuorum",3
"17","consumer",7,"Lasioglossum.pauxillum",3
"17","consumer",8,"Eristalis.tenax",3
"17","consumer",9,"Bombus.terrestris.agg",2
"17","consumer",10,"Halictus.tumulorum",2
"17","consumer",11,"Osmia.leaiana",2
"17","consumer",12,"Osmia.spinulosa",2
"17","consumer",13,"Eristalis.arbustorum",2
"17","consumer",14,"Helophilus.pendulus",2
"17","consumer",15,"Syrphus.ribesii",2
"17","consumer",16,"Syrphus.vitripennis",2
"17","consumer",17,"Andrena.angustior",1
"17","consumer",18,"Andrena.bicolor",1
"17","consumer",19,"Andrena.falsifica",1
"17","consumer",20,"Chelostoma.campanularum",1
"17","consumer",21,"Chelostoma.florisomne",1
"17","consumer",22,"Hylaeus.communis",1
"17","consumer",23,"Lasioglossum.calceatum",1
"17","consumer",24,"Lasioglossum.fulvicorne",1
"17","consumer",25,"Lasioglossum.morio",1
"17","consumer",26,"Lasioglossum.villosulum",1
"17","consumer",27,"Sphecodes.ephippius",1
"17","consumer",28,"Sphecodes.hyalinatus",1
"17","consumer",29,"Eristalis.interrupta",1
"17","consumer",30,"Helophilus.trivittatus",1
"17","consumer",31,"Heringia.heringi",1
"17","consumer",32,"Myathropa.florea",1
"17","consumer",33,"Pipizella.spec",1
"17","consumer",34,"Syritta.pipiens",1
"18","resource",1,"Knautia.arvensis",8
"18","resource",2,"Leucanthemum.vulgare",8
"18","resource",3,"Centaurea.jacea",7
"18","resource",4,"Leontodon.hispidus",7
"18","resource",5,"Thymus.pulegioides",7
"18","resource",6,"Daucus.carota",6
"18","resource",7,"Pimpinella.saxifraga",5
"18","resource",8,"Prunella.grandiflora",4
"18","resource",9,"Echium.vulgare",2
"18","resource",10,"Galium.mollugo",2
"18","resource",11,"Hieracium.pilosella",2
"18","resource",12,"Hippocrepis.comosa",2
"18","resource",13,"Lotus.corniculatus",2
"18","resource",14,"Achillea.millefolium",1
"18","resource",15,"Anthyllis.vulneraria",1
"18","resource",16,"Cirsium.acaule",1
"18","resource",17,"Clinopodium.vulgare",1
"18","resource",18,"Ononis.repens",1
"18","resource",19,"Ononis.spinosa",1
"18","resource",20,"Polygala.vulgaris",1
"18","resource",21,"Senecio.jacobaea",1
"18","resource",22,"Senecio.jacobea",1
"18","resource",23,"Senecio.jacobeae",1
"18","resource",24,"Taraxacum.officinale",1
"18","consumer",1,"Bombus.pascuorum",8
"18","consumer",2,"Episyrphus.balteatus",8
"18","consumer",3,"Sphaerophoria.spec",8
"18","consumer",4,"Bombus.lapidarius",6
"18","consumer",5,"Syrphus.vitripennis",6
"18","consumer",6,"Bombus.terrestris.agg",4
"18","consumer",7,"Syrphus.torvus",4
"18","consumer",8,"Eristalis.pertinax",3
"18","consumer",9,"Lasioglossum.morio",2
"18","consumer",10,"Lasioglossum.pauxillum",2
"18","consumer",11,"Cheilosia.soror",2
"18","consumer",12,"Eristalis.interrupta",2
"18","consumer",13,"Eristalis.tenax",2
"18","consumer",14,"Scaeva.selenitica",2
"18","consumer",15,"Syritta.pipiens",2
"18","consumer",16,"Andrena.minutula",1
"18","consumer",17,"Halictus.tumulorum",1
"18","consumer",18,"Hylaeus.annularis",1
"18","consumer",19,"Lasioglossum.pygmaeum",1
"18","consumer",20,"Megachile.apicalis",1
"18","consumer",21,"Osmia.bicolor",1
"18","consumer",22,"Cheilosia.impressa",1
"18","consumer",23,"Myathropa.florea",1
"18","consumer",24,"Paragus.spec",1
"18","consumer",25,"Pipiza.noctiluca.bimaculata",1
"18","consumer",26,"Scaeva.pyrastri",1
"18","consumer",27,"Syrphus.ribesii",1
"19","resource",1,"Knautia.arvensis",14
"19","resource",2,"Daucus.carota",8
"19","resource",3,"Leontodon.hispidus",8
"19","resource",4,"Pimpinella.saxifraga",7
"19","resource",5,"Thymus.pulegioides",6
"19","resource",6,"Cirsium.acaule",4
"19","resource",7,"Centaurea.scabiosa",3
"19","resource",8,"Hippocrepis.comosa",3
"19","resource",9,"Lotus.corniculatus",3
"19","resource",10,"Carlina.vulgaris",2
"19","resource",11,"Veronica.teucrium",2
"19","resource",12,"Clinopodium.vulgare",1
"19","resource",13,"Medicago.falcata",1
"19","resource",14,"Trifolium.pratense",1
"19","consumer",1,"Bombus.lapidarius",7
"19","consumer",2,"Bombus.pascuorum",5
"19","consumer",3,"Andrena.minutuloides",3
"19","consumer",4,"Halictus.tumulorum",3
"19","consumer",5,"Episyrphus.balteatus",3
"19","consumer",6,"Eristalis.tenax",3
"19","consumer",7,"Myathropa.florea",3
"19","consumer",8,"Sphaerophoria.spec",3
"19","consumer",9,"Osmia.aurulenta",2
"19","consumer",10,"Cheilosia.soror",2
"19","consumer",11,"Eristalis.interrupta",2
"19","consumer",12,"Syrphus.ribesii",2
"19","consumer",13,"Andrena.labiata",1
"19","consumer",14,"Andrena.minutula",1
"19","consumer",15,"Anthidium.punctatum",1
"19","consumer",16,"Anthidium.strigatum",1
"19","consumer",17,"Bombus.soroeensis",1
"19","consumer",18,"Bombus.terrestris.agg",1
"19","consumer",19,"Hylaeus.communis",1
"19","consumer",20,"Hylaeus.confusus",1
"19","consumer",21,"Hylaeus.nigritus",1
"19","consumer",22,"Lasioglossum.calceatum",1
"19","consumer",23,"Lasioglossum.lativentre",1
"19","consumer",24,"Lasioglossum.lucidulum",1
"19","consumer",25,"Lasioglossum.morio",1
"19","consumer",26,"Lasioglossum.pauxillum",1
"19","consumer",27,"Lasioglossum.villosulum",1
"19","consumer",28,"Osmia.bicolor",1
"19","consumer",29,"Osmia.spinulosa",1
"19","consumer",30,"Psithyrus.bohemicus",1
"19","consumer",31,"Sphecodes.ferruginatus",1
"19","consumer",32,"Epistrophe.grossulariae",1
"19","consumer",33,"Helophilus.trivittatus",1
"19","consumer",34,"Melanostoma.spec",1
"19","consumer",35,"Syritta.pipiens",1
"19","consumer",36,"Syrphus.torvus",1
"19","consumer",37,"Syrphus.vitripennis",1
"20","resource",1,"Centaurea.jacea",9
"20","resource",2,"Pimpinella.saxifraga",8
"20","resource",3,"Thymus.pulegioides",8
"20","resource",4,"Knautia.arvensis",5
"20","resource",5,"Leontodon.hispidus",5
"20","resource",6,"Ranunculus.bulbosus",4
"20","resource",7,"Genista.tinctoria",3
"20","resource",8,"Daucus.carota",2
"20","resource",9,"Hypericum.perforatum",2
"20","resource",10,"Lotus.corniculatus",2
"20","resource",11,"Plantago.media",2
"20","resource",12,"Rosa.NA",2
"20","resource",13,"Solidago.virgaurea",2
"20","resource",14,"Trifolium.pratense",2
"20","resource",15,"Campanula.rotundifolia",1
"20","resource",16,"Centaurea.scabiosa",1
"20","resource",17,"Cirsium.acaule",1
"20","resource",18,"Galium.mollugo",1
"20","resource",19,"Hieracium.pilosella",1
"20","resource",20,"Lotus.cornicilatus",1
"20","resource",21,"Ononis.spinosa",1
"20","resource",22,"Prunus.spinosa",1
"20","resource",23,"Sanguisorba.minor",1
"20","resource",24,"Vicia.cracca",1
"20","consumer",1,"Bombus.lapidarius",7
"20","consumer",2,"Bombus.terrestris.agg",7
"20","consumer",3,"Bombus.pascuorum",4
"20","consumer",4,"Lasioglossum.pauxillum",4
"20","consumer",5,"Episyrphus.balteatus",4
"20","consumer",6,"Halictus.tumulorum",3
"20","consumer",7,"Eristalis.tenax",3
"20","consumer",8,"Chelostoma.rapunculi",2
"20","consumer",9,"Lasioglossum.morio",2
"20","consumer",10,"Eristalis.interrupta",2
"20","consumer",11,"Sphaerophoria.spec",2
"20","consumer",12,"Syrphus.ribesii",2
"20","consumer",13,"Syrphus.vitripennis",2
"20","consumer",14,"Andrena.haemorrhoa",1
"20","consumer",15,"Andrena.minutula",1
"20","consumer",16,"Anthidium.strigatum",1
"20","consumer",17,"Bombus.sylvarum",1
"20","consumer",18,"Ceratina.cyanea",1
"20","consumer",19,"Chelostoma.campanularum",1
"20","consumer",20,"Halictus.rubicundus",1
"20","consumer",21,"Lasioglossum.fulvicorne",1
"20","consumer",22,"Lasioglossum.villosulum",1
"20","consumer",23,"Megachile.versicolor",1
"20","consumer",24,"Nomada.goodeniana",1
"20","consumer",25,"Osmia.bicolor",1
"20","consumer",26,"Sphecodes.hyalinatus",1
"20","consumer",27,"Cheilosia.ranunculi.albitarsis",1
"20","consumer",28,"Eristalis.arbustorum",1
"20","consumer",29,"Eupeodes.corollae",1
"20","consumer",30,"Helophilus.pendulus",1
"20","consumer",31,"Helophilus.trivittatus",1
"20","consumer",32,"Melanostoma.spec",1
"20","consumer",33,"Myathropa.florea",1
"20","consumer",34,"Pipizella.spec",1
"20","consumer",35,"Syritta.pipiens",1
"21","resource",1,"Pimpinella.saxifraga",12
"21","resource",2,"Achillea.millefolium",8
"21","resource",3,"Knautia.arvensis",7
"21","resource",4,"Sedum.sexangulare",6
"21","resource",5,"Veronica.teucrium",4
"21","resource",6,"Campanula.rotundifolia",3
"21","resource",7,"Centaurea.scabiosa",3
"21","resource",8,"Leucanthemum.vulgare",3
"21","resource",9,"Ranunculus.bulbosus",3
"21","resource",10,"Clinopodium.vulgare",2
"21","resource",11,"Gymnadenia.conopsea",2
"21","resource",12,"Helianthemum.nummularium",2
"21","resource",13,"Prunella.grandiflora",2
"21","resource",14,"Senecio.fucsii",2
"21","resource",15,"Astragalus.glycyphyllos",1
"21","resource",16,"Centaurea.jacea",1
"21","resource",17,"Galium.mollugo",1
"21","resource",18,"Hippocrepis.comosa",1
"21","resource",19,"Hypericum.perforatum",1
"21","resource",20,"Lathyrus.tuberosus",1
"21","resource",21,"Potentilla.neumanniana",1
"21","resource",22,"Thymus.pulegioides",1
"21","resource",23,"Viola.arvensis",1
"21","consumer",1,"Episyrphus.balteatus",8
"21","consumer",2,"Bombus.pascuorum",4
"21","consumer",3,"Bombus.lapidarius",3
"21","consumer",4,"Bombus.terrestris.agg",3
"21","consumer",5,"Psithyrus.sylvestris",3
"21","consumer",6,"Myathropa.florea",3
"21","consumer",7,"Sphaerophoria.spec",3
"21","consumer",8,"Syrphus.ribesii",3
"21","consumer",9,"Syrphus.torvus",3
"21","consumer",10,"Andrena.subopaca",2
"21","consumer",11,"Bombus.pratorum",2
"21","consumer",12,"Halictus.tumulorum",2
"21","consumer",13,"Lasioglossum.morio",2
"21","consumer",14,"Nomada.flavoguttata",2
"21","consumer",15,"Osmia.bicolor",2
"21","consumer",16,"Eristalis.interrupta",2
"21","consumer",17,"Eristalis.tenax",2
"21","consumer",18,"Helophilus.pendulus",2
"21","consumer",19,"Andrena.minutula",1
"21","consumer",20,"Chelostoma.campanularum",1
"21","consumer",21,"Halictus.rubicundus",1
"21","consumer",22,"Hylaeus.confusus",1
"21","consumer",23,"Lasioglossum.pauxillum",1
"21","consumer",24,"Psithyrus.rupestris",1
"21","consumer",25,"Sphecodes.ephippius",1
"21","consumer",26,"Cheilosia.ranunculi.albitarsis",1
"21","consumer",27,"Cheilosia.soror",1
"21","consumer",28,"Didea.fasciata",1
"21","consumer",29,"Eristalis.arbustorum",1
"21","consumer",30,"Eristalis.pertinax",1
"21","consumer",31,"Eupeodes.corollae",1
"21","consumer",32,"Eupeodes.nitens",1
"21","consumer",33,"Pipizella.spec",1
"21","consumer",34,"Syritta.pipiens",1
"21","consumer",35,"Syrphus.vitripennis",1
"22","resource",1,"Knautia.arvensis",8
"22","resource",2,"Veronica.teucrium",6
"22","resource",3,"Hypericum.perforatum",4
"22","resource",4,"Leontodon.hispidus",3
"22","resource",5,"Pimpinella.saxifraga",3
"22","resource",6,"Centaurea.jacea",2
"22","resource",7,"Gymnadenia.conopsea",2
"22","resource",8,"Ranunculus.bulbosus",2
"22","resource",9,"Achillea.millefolium",1
"22","resource",10,"Campanula.rotundifolia",1
"22","resource",11,"Carlina.vulgaris",1
"22","resource",12,"Cirsium.arvense",1
"22","resource",13,"Fragaria.vesca",1
"22","resource",14,"Hippocrepis.comosa",1
"22","resource",15,"Lotus.corniculatus",1
"22","resource",16,"Medicago.lupulina",1
"22","resource",17,"Plantago.media",1
"22","resource",18,"Prunella.grandiflora",1
"22","resource",19,"Rhinanthus.minor",1
"22","resource",20,"Senecio.jacobaea",1
"22","resource",21,"Senecio.jacobeae",1
"22","resource",22,"Taraxacum.officinale",1
"22","resource",23,"Trifolium.pratense",1
"22","consumer",1,"Episyrphus.balteatus",6
"22","consumer",2,"Bombus.terrestris.agg",5
"22","consumer",3,"Bombus.lapidarius",4
"22","consumer",4,"Bombus.pascuorum",4
"22","consumer",5,"Lasioglossum.pauxillum",4
"22","consumer",6,"Andrena.subopaca",3
"22","consumer",7,"Syrphus.torvus",3
"22","consumer",8,"Eristalis.pertinax",2
"22","consumer",9,"Syrphus.vitripennis",2
"22","consumer",10,"Andrena.bicolor",1
"22","consumer",11,"Bombus.hortorum",1
"22","consumer",12,"Bombus.hypnorum",1
"22","consumer",13,"Bombus.pratorum",1
"22","consumer",14,"Hylaeus.confusus",1
"22","consumer",15,"Lasioglossum.leucopus",1
"22","consumer",16,"Psithyrus.bohemicus",1
"22","consumer",17,"Cheilosia.soror",1
"22","consumer",18,"Eristalis.interrupta",1
"22","consumer",19,"Eristalis.tenax",1
"22","consumer",20,"Eumerus.ornatus",1
"22","consumer",21,"Syrphus.ribesii",1
"23","resource",1,"Hypericum.perforatum",4
"23","resource",2,"Knautia.arvensis",4
"23","resource",3,"Clematis.vitalba",3
"23","resource",4,"Daucus.carota",3
"23","resource",5,"Rosa.NA",3
"23","resource",6,"Crepis.biennis",2
"23","resource",7,"Ranunculus.bulbosus",2
"23","resource",8,"Tilia.platyphyllos",2
"23","resource",9,"Campanula.rotundifolia",1
"23","resource",10,"Convolvulus.arvensis",1
"23","resource",11,"Galium.mollugo",1
"23","resource",12,"Helianthemum.nummularium",1
"23","resource",13,"Leontodon.hispidus",1
"23","resource",14,"Medicago.lupulina",1
"23","resource",15,"Thymus.pulegioides",1
"23","resource",16,"Tilia.cordata",1
"23","resource",17,"Trifolium.pratense",1
"23","consumer",1,"Episyrphus.balteatus",5
"23","consumer",2,"Syrphus.torvus",4
"23","consumer",3,"Bombus.lapidarius",3
"23","consumer",4,"Syrphus.vitripennis",3
"23","consumer",5,"Ceratina.cyanea",2
"23","consumer",6,"Lasioglossum.morio",2
"23","consumer",7,"Lasioglossum.pauxillum",2
"23","consumer",8,"Sphaerophoria.spec",2
"23","consumer",9,"Andrena.angustior",1
"23","consumer",10,"Andrena.minutula",1
"23","consumer",11,"Bombus.pascuorum",1
"23","consumer",12,"Bombus.terrestris.agg",1
"23","consumer",13,"Halictus.tumulorum",1
"23","consumer",14,"Lasioglossum.leucopus",1
"23","consumer",15,"Eristalis.pertinax",1
"23","consumer",16,"Eristalis.tenax",1
"23","consumer",17,"Melanostoma.spec",1
"24","resource",1,"Cirsium.acaule",3
"24","resource",2,"Galium.mollugo",3
"24","resource",3,"Hypericum.perforatum",3
"24","resource",4,"Knautia.arvensis",3
"24","resource",5,"Pimpinella.saxifraga",3
"24","resource",6,"Veronica.teucrium",3
"24","resource",7,"Achillea.millefolium",2
"24","resource",8,"Centaurea.jacea",2
"24","resource",9,"Centaurea.scabiosa",2
"24","resource",10,"Potentilla.reptans",2
"24","resource",11,"Fragaria.vesca",1
"24","resource",12,"Prunella.grandiflora",1
"24","resource",13,"Rosa.NA",1
"24","resource",14,"Senecio.jacobaea",1
"24","resource",15,"Trifolium.medium",1
"24","resource",16,"Trifolium.pratense",1
"24","consumer",1,"Bombus.lapidarius",5
"24","consumer",2,"Andrena.subopaca",4
"24","consumer",3,"Bombus.pascuorum",4
"24","consumer",4,"Episyrphus.balteatus",3
"24","consumer",5,"Syrphus.torvus",3
"24","consumer",6,"Syrphus.vitripennis",2
"24","consumer",7,"Andrena.minutula",1
"24","consumer",8,"Bombus.hortorum",1
"24","consumer",9,"Hylaeus.confusus",1
"24","consumer",10,"Nomada.flavoguttata",1
"24","consumer",11,"Osmia.bicolor",1
"24","consumer",12,"Psithyrus.bohemicus",1
"24","consumer",13,"Cheilosia.soror",1
"24","consumer",14,"Eristalis.arbustorum",1
"24","consumer",15,"Eristalis.tenax",1
"24","consumer",16,"Helophilus.pendulus",1
"24","consumer",17,"Sphaerophoria.spec",1
"25","resource",1,"Galium.verum",4
"25","resource",2,"Knautia.arvensis",3
"25","resource",3,"Lotus.corniculatus",3
"25","resource",4,"Trifolium.pratense",3
"25","resource",5,"Centaurea.scabiosa",2
"25","resource",6,"Daucus.carota",2
"25","resource",7,"Leucanthemum.vulgare",2
"25","resource",8,"Cirsium.acaule",1
"25","resource",9,"Crataegus.laevigata",1
"25","resource",10,"Hypericum.perforatum",1
"25","resource",11,"Pimpinella.saxifraga",1
"25","resource",12,"Plantago.media",1
"25","resource",13,"Rosa.NA",1
"25","resource",14,"Senecio.jacobea",1
"25","consumer",1,"Episyrphus.balteatus",7
"25","consumer",2,"Bombus.pascuorum",4
"25","consumer",3,"Sphaerophoria.spec",4
"25","consumer",4,"Bombus.lapidarius",3
"25","consumer",5,"Eupeodes.corollae",2
"25","consumer",6,"Bombus.terrestris.agg",1
"25","consumer",7,"Lasioglossum.pauxillum",1
"25","consumer",8,"Osmia.bicolor",1
"25","consumer",9,"Eristalis.tenax",1
"25","consumer",10,"Syritta.pipiens",1
"25","consumer",11,"Syrphus.torvus",1
"26","resource",1,"Centaurea.scabiosa",9
"26","resource",2,"Knautia.arvensis",8
"26","resource",3,"Pimpinella.saxifraga",6
"26","resource",4,"Thymus.pulegioides",4
"26","resource",5,"Galium.mollugo",3
"26","resource",6,"Veronica.chamaedrys",3
"26","resource",7,"Hieracium.pilosella",2
"26","resource",8,"Lotus.corniculatus",2
"26","resource",9,"Solidago.virgaurea",2
"26","resource",10,"Hieracium.NA",1
"26","resource",11,"Hypericum.perforatum",1
"26","resource",12,"Medicago.lupulina",1
"26","resource",13,"Plantago.media",1
"26","resource",14,"Sanguisorba.minor",1
"26","resource",15,"Senecio.jacobaea",1
"26","resource",16,"Trifolium.pratense",1
"26","consumer",1,"Episyrphus.balteatus",7
"26","consumer",2,"Sphaerophoria.spec",5
"26","consumer",3,"Bombus.terrestris.agg",4
"26","consumer",4,"Bombus.lapidarius",2
"26","consumer",5,"Halictus.tumulorum",2
"26","consumer",6,"Lasioglossum.albipes",2
"26","consumer",7,"Lasioglossum.villosulum",2
"26","consumer",8,"Psithyrus.bohemicus",2
"26","consumer",9,"Eristalis.pertinax",2
"26","consumer",10,"Eristalis.tenax",2
"26","consumer",11,"Eupeodes.corollae",2
"26","consumer",12,"Helophilus.pendulus",2
"26","consumer",13,"Andrena.fulvago",1
"26","consumer",14,"Andrena.subopaca",1
"26","consumer",15,"Bombus.pascuorum",1
"26","consumer",16,"Lasioglossum.calceatum",1
"26","consumer",17,"Lasioglossum.fulvicorne",1
"26","consumer",18,"Osmia.bicolor",1
"26","consumer",19,"Psithyrus.campestris",1
"26","consumer",20,"Cheilosia.barbata",1
"26","consumer",21,"Cheilosia.soror",1
"26","consumer",22,"Eristalis.interrupta",1
"26","consumer",23,"Scaeva.pyrastri",1
"26","consumer",24,"Syrphus.vitripennis",1
"27","resource",1,"Knautia.arvensis",6
"27","resource",2,"Leontodon.hispidus",4
"27","resource",3,"Lotus.corniculatus",4
"27","resource",4,"Ononis.spinosa",4
"27","resource",5,"Achillea.millefolium",3
"27","resource",6,"Centaurea.jacea",3
"27","resource",7,"Daucus.carota",2
"27","resource",8,"Hippocrepis.comosa",2
"27","resource",9,"Medicago.lupulina",2
"27","resource",10,"Pimpinella.saxifraga",2
"27","resource",11,"Agrimonia.eupatoria",1
"27","resource",12,"Cirsium.acaule",1
"27","resource",13,"Medicago.falcata",1
"27","resource",14,"Prunella.grandiflora",1
"27","resource",15,"Ranunculus.bulbosus",1
"27","resource",16,"Rosa.NA",1
"27","resource",17,"Trifolium.pratense",1
"27","consumer",1,"Bombus.pascuorum",8
"27","consumer",2,"Episyrphus.balteatus",6
"27","consumer",3,"Sphaerophoria.spec",5
"27","consumer",4,"Bombus.lapidarius",4
"27","consumer",5,"Eristalis.tenax",2
"27","consumer",6,"Syrphus.ribesii",2
"27","consumer",7,"Syrphus.vitripennis",2
"27","consumer",8,"Andrena.fucata",1
"27","consumer",9,"Ceratina.cyanea",1
"27","consumer",10,"Chelostoma.florisomne",1
"27","consumer",11,"Halictus.tumulorum",1
"27","consumer",12,"Lasioglossum.pauxillum",1
"27","consumer",13,"Megachile.willughbiella",1
"27","consumer",14,"Eristalis.interrupta",1
"27","consumer",15,"Eristalis.pertinax",1
"27","consumer",16,"Ferdinandea.cuprea",1
"27","consumer",17,"Melanostoma.spec",1
"28","resource",1,"Centaurea.scabiosa",6
"28","resource",2,"Galium.verum",5
"28","resource",3,"Knautia.arvensis",5
"28","resource",4,"Leontodon.hispidus",3
"28","resource",5,"Prunella.grandiflora",3
"28","resource",6,"Aegopodium.podagraria",1
"28","resource",7,"Centaurea.jacea",1
"28","resource",8,"Galium.mollugo",1
"28","resource",9,"Heracleum.sphondylium",1
"28","resource",10,"Hippocrepis.comosa",1
"28","resource",11,"Hypericum.perforatum",1
"28","resource",12,"Lotus.corniculatus",1
"28","resource",13,"Pimpinella.saxifraga",1
"28","resource",14,"Primula.veris",1
"28","resource",15,"Rubus.fruticosus",1
"28","resource",16,"Taraxacum.officinale",1
"28","resource",17,"Trifolium.pratense",1
"28","resource",18,"Veronica.chamaedrys",1
"28","resource",19,"Vicia.cracca",1
"28","consumer",1,"Episyrphus.balteatus",6
"28","consumer",2,"Bombus.lapidarius",4
"28","consumer",3,"Bombus.pascuorum",3
"28","consumer",4,"Sphaerophoria.spec",3
"28","consumer",5,"Eristalis.pertinax",2
"28","consumer",6,"Eristalis.tenax",2
"28","consumer",7,"Melanostoma.spec",2
"28","consumer",8,"Syrphus.ribesii",2
"28","consumer",9,"Andrena.subopaca",1
"28","consumer",10,"Anthidium.strigatum",1
"28","consumer",11,"Anthophora.plumipes",1
"28","consumer",12,"Bombus.terrestris.agg",1
"28","consumer",13,"Lasioglossum.leucopus",1
"28","consumer",14,"Psithyrus.bohemicus",1
"28","consumer",15,"Cheilosia.soror",1
"28","consumer",16,"Dasysyrphus.tricinctus",1
"28","consumer",17,"Syrphus.torvus",1
"28","consumer",18,"Syrphus.vitripennis",1
"28","consumer",19,"Xanthandrus.comtus",1
"28","consumer",20,"Xanthogramma.pedissequum",1
"29","resource",1,"Pimpinella.saxifraga",5
"29","resource",2,"Hypericum.perforatum",4
"29","resource",3,"Centaurea.scabiosa",3
"29","resource",4,"Galium.mollugo",3
"29","resource",5,"Cichorium.intybus",2
"29","resource",6,"Thymus.pulegioides",2
"29","resource",7,"Centaurea.jacea",1
"29","resource",8,"Cirsium.acaule",1
"29","resource",9,"Cirsium.arvense",1
"29","resource",10,"Knautia.arvensis",1
"29","resource",11,"Lotus.corniculatus",1
"29","resource",12,"Medicago.lupulina",1
"29","resource",13,"Plantago.media",1
"29","resource",14,"Primula.veris",1
"29","resource",15,"Rosa.NA",1
"29","consumer",1,"Episyrphus.balteatus",8
"29","consumer",2,"Sphaerophoria.spec",8
"29","consumer",3,"Bombus.pascuorum",2
"29","consumer",4,"Bombus.terrestris.agg",2
"29","consumer",5,"Syrphus.vitripennis",2
"29","consumer",6,"Bombus.lapidarius",1
"29","consumer",7,"Lasioglossum.calceatum",1
"29","consumer",8,"Eristalis.arbustorum",1
"29","consumer",9,"Melanostoma.spec",1
"29","consumer",10,"Scaeva.pyrastri",1
"29","consumer",11,"Syrphus.ribesii",1
"30","resource",1,"Veronica.teucrium",7
"30","resource",2,"Knautia.arvensis",5
"30","resource",3,"Origanum.vulgare",5
"30","resource",4,"Pimpinella.saxifraga",5
"30","resource",5,"Cornus.sanguinea",2
"30","resource",6,"Achillea.millefolium",1
"30","resource",7,"Campanula.rotundifolia",1
"30","resource",8,"Centaurea.scabiosa",1
"30","resource",9,"Clinopodium.vulgare",1
"30","resource",10,"Hippocrepis.comosa",1
"30","resource",11,"Hypericum.perforatum",1
"30","consumer",1,"Bombus.terrestris.agg",4
"30","consumer",2,"Episyrphus.balteatus",4
"30","consumer",3,"Bombus.lapidarius",3
"30","consumer",4,"Bombus.pascuorum",2
"30","consumer",5,"Osmia.bicolor",2
"30","consumer",6,"Psithyrus.rupestris",2
"30","consumer",7,"Sphaerophoria.spec",2
"30","consumer",8,"Andrena.subopaca",1
"30","consumer",9,"Bombus.soroeensis",1
"30","consumer",10,"Chelostoma.rapunculi",1
"30","consumer",11,"Heriades.truncorum",1
"30","consumer",12,"Lasioglossum.fulvicorne",1
"30","consumer",13,"Lasioglossum.leucopus",1
"30","consumer",14,"Megachile.willughbiella",1
"30","consumer",15,"Nomada.flava",1
"30","consumer",16,"Psithyrus.bohemicus",1
"30","consumer",17,"Scaeva.selenitica",1
"30","consumer",18,"Syrphus.vitripennis",1
"31","resource",1,"Knautia.arvensis",6
"31","resource",2,"Genista.tinctoria",3
"31","resource",3,"Centaurea.scabiosa",2
"31","resource",4,"Agrimonia.eupatoria",1
"31","resource",5,"Hippocrepis.comosa",1
"31","resource",6,"Hypericum.perforatum",1
"31","resource",7,"Lotus.corniculatus",1
"31","resource",8,"Pimpinella.saxifraga",1
"31","resource",9,"Trifolium.pratense",1
"31","consumer",1,"Episyrphus.balteatus",4
"31","consumer",2,"Bombus.lapidarius",3
"31","consumer",3,"Bombus.pascuorum",3
"31","consumer",4,"Anthidium.strigatum",1
"31","consumer",5,"Bombus.terrestris.agg",1
"31","consumer",6,"Psithyrus.sylvestris",1
"31","consumer",7,"Eristalis.tenax",1
"31","consumer",8,"Helophilus.pendulus",1
"31","consumer",9,"Sphaerophoria.spec",1
"31","consumer",10,"Syritta.pipiens",1
"32","resource",1,"Knautia.arvensis",10
"32","resource",2,"Achillea.millefolium",7
"32","resource",3,"Centaurea.jacea",2
"32","resource",4,"Lotus.corniculatus",2
"32","resource",5,"Melampyrum.arvense",2
"32","resource",6,"Pimpinella.saxifraga",2
"32","resource",7,"Ranunculus.bulbosus",2
"32","resource",8,"Campanula.rotundifolia",1
"32","resource",9,"Daucus.carota",1
"32","resource",10,"Hippocrepis.comosa",1
"32","resource",11,"Knautia.arvenis",1
"32","resource",12,"Trifolium.pratense",1
"32","consumer",1,"Bombus.pascuorum",5
"32","consumer",2,"Bombus.lapidarius",3
"32","consumer",3,"Episyrphus.balteatus",3
"32","consumer",4,"Bombus.terrestris.agg",2
"32","consumer",5,"Eristalis.interrupta",2
"32","consumer",6,"Eristalis.pertinax",2
"32","consumer",7,"Melanostoma.spec",2
"32","consumer",8,"Syrphus.ribesii",2
"32","consumer",9,"Andrena.bicolor",1
"32","consumer",10,"Lasioglossum.morio",1
"32","consumer",11,"Osmia.leaiana",1
"32","consumer",12,"Psithyrus.bohemicus",1
"32","consumer",13,"Cheilosia.barbata",1
"32","consumer",14,"Cheilosia.ranunculi.albitarsis",1
"32","consumer",15,"Eristalis.tenax",1
"32","consumer",16,"Eupeodes.corollae",1
"32","consumer",17,"Helophilus.pendulus",1
"32","consumer",18,"Meliscaeva.cinctella",1
"32","consumer",19,"Syrphus.vitripennis",1
